AGREEMENT	ACCEPT	AFRICA	AWE
AGREEMENT	ACCEPT	AFRICA	DEFAULT
AGREEMENT	ACCEPT	AFRICA	MEEK
AGREEMENT	ACCEPT	ARABIA	DEFAULT
AGREEMENT	ACCEPT	ARABIA	MEEK
AGREEMENT	ACCEPT	AMERICA	DEFAULT
AGREEMENT	ACCEPT	AMERICA	KIND
AGREEMENT	ACCEPT	BRAZIL	DEFAULT
AGREEMENT	ACCEPT	KOREA	DEFAULT
AGREEMENT	ACCEPT	DEFAULT
AGREEMENT	ACCEPT	FRANCE	DEFAULT
AGREEMENT	ACCEPT	FRANCE	TO-GERMANY
AGREEMENT	ACCEPT	INDIA	DEFAULT
AGREEMENT	ACCEPT	INDIA	HARMONY	TO-HARMONY
AGREEMENT	ACCEPT	INDIA	MEEK
AGREEMENT	ACCEPT	INDIA	PURITY	TO-SUPREMACY
AGREEMENT	ACCEPT	INDIA	SUPREMACY	TO-PURITY	MEEK
AGREEMENT	ACCEPT	GERMANY	DEFAULT
AGREEMENT	ACCEPT	GERMANY	TO-FRANCE	AWE
AGREEMENT	ACCEPT	GERMANY	TO-FRANCE	DISDAIN
AGREEMENT	ACCEPT	GERMANY	TO-FRANCE	KIND
AGREEMENT	ACCEPT	GERMANY	TO-FRANCE	MEEK
AGREEMENT	ACCEPT	ENGLAND	AWE
AGREEMENT	ACCEPT	ENGLAND	DEFAULT
AGREEMENT	ACCEPT	ENGLAND	DISDAIN
AGREEMENT	ACCEPT	ENGLAND	KIND
AGREEMENT	ACCEPT	ENGLAND	MEEK
AGREEMENT	ACCEPT	CHINA	AWE
AGREEMENT	ACCEPT	CHINA	DEFAULT
AGREEMENT	ACCEPT	CHINA	DISDAIN
AGREEMENT	ACCEPT	CHINA	KIND
AGREEMENT	ACCEPT	CHINA	MEEK
AGREEMENT	ACCEPT	INDONESIA	DEFAULT
AGREEMENT	ACCEPT	RUSSIA	DEFAULT
AGREEMENT	ACCEPT	RUSSIA	SUPREMACY
AGREEMENT	CONFIRM	AFRICA	DEFAULT
AGREEMENT	CONFIRM	AFRICA	HATE
AGREEMENT	CONFIRM	ARABIA	DEFAULT
AGREEMENT	CONFIRM	ARABIA	DISDAIN
AGREEMENT	CONFIRM	ARABIA	PURITY	TO-SUPREMACY
AGREEMENT	CONFIRM	AMERICA	DEFAULT
AGREEMENT	CONFIRM	BRAZIL	DEFAULT
AGREEMENT	CONFIRM	KOREA	DEFAULT
AGREEMENT	CONFIRM	DEFAULT
AGREEMENT	CONFIRM	FRANCE	DEFAULT
AGREEMENT	CONFIRM	INDIA	DEFAULT
AGREEMENT	CONFIRM	GERMANY	DEFAULT
AGREEMENT	CONFIRM	ENGLAND	AWE
AGREEMENT	CONFIRM	ENGLAND	DEFAULT
AGREEMENT	CONFIRM	ENGLAND	DISDAIN
AGREEMENT	CONFIRM	ENGLAND	MEEK
AGREEMENT	CONFIRM	CHINA	DEFAULT
AGREEMENT	CONFIRM	INDONESIA	DEFAULT
AGREEMENT	CONFIRM	RUSSIA	DEFAULT
AGREEMENT	CONFIRM	RUSSIA	SUPREMACY
AGREEMENT	HAPPY-YOU-ACCEPTED	AFRICA	DEFAULT
AGREEMENT	HAPPY-YOU-ACCEPTED	ARABIA	DEFAULT
AGREEMENT	HAPPY-YOU-ACCEPTED	AMERICA	DEFAULT
AGREEMENT	HAPPY-YOU-ACCEPTED	BRAZIL	DEFAULT
AGREEMENT	HAPPY-YOU-ACCEPTED	KOREA	DEFAULT
AGREEMENT	HAPPY-YOU-ACCEPTED	FRANCE	DEFAULT
AGREEMENT	HAPPY-YOU-ACCEPTED	FRANCE	TO-GERMANY
AGREEMENT	HAPPY-YOU-ACCEPTED	INDIA	DEFAULT
AGREEMENT	HAPPY-YOU-ACCEPTED	GERMANY	DEFAULT
AGREEMENT	HAPPY-YOU-ACCEPTED	ENGLAND	DEFAULT
AGREEMENT	HAPPY-YOU-ACCEPTED	CHINA	DEFAULT
AGREEMENT	HAPPY-YOU-ACCEPTED	INDONESIA	DEFAULT
AGREEMENT	HAPPY-YOU-ACCEPTED	RUSSIA	DEFAULT
AGREEMENT	HAPPY-YOU-ACCEPTED	RUSSIA	SUPREMACY
AGREEMENT	PROPOSE	AFRICA	DEFAULT
AGREEMENT	PROPOSE	ARABIA	DEFAULT
AGREEMENT	PROPOSE	ARABIA	HARMONY
AGREEMENT	PROPOSE	AMERICA	DEFAULT
AGREEMENT	PROPOSE	BRAZIL	DEFAULT
AGREEMENT	PROPOSE	KOREA	DEFAULT
AGREEMENT	PROPOSE	KOREA	DISDAIN
AGREEMENT	PROPOSE	DEFAULT
AGREEMENT	PROPOSE	FRANCE	DEFAULT
AGREEMENT	PROPOSE	INDIA	AWE
AGREEMENT	PROPOSE	INDIA	DEFAULT
AGREEMENT	PROPOSE	GERMANY	DEFAULT
AGREEMENT	PROPOSE	ENGLAND	DEFAULT
AGREEMENT	PROPOSE	ENGLAND	KIND
AGREEMENT	PROPOSE	ENGLAND	MEEK
AGREEMENT	PROPOSE	CHINA	DEFAULT
AGREEMENT	PROPOSE	INDONESIA	AWE
AGREEMENT	PROPOSE	INDONESIA	DEFAULT
AGREEMENT	PROPOSE	INDONESIA	PURITY
AGREEMENT	PROPOSE	INDONESIA	TO-AMERICA
AGREEMENT	PROPOSE	RUSSIA	DEFAULT
AGREEMENT	PROPOSE	RUSSIA	SUPREMACY
AGREEMENT	REJECT	AFRICA	DEFAULT
AGREEMENT	REJECT	AFRICA	HATE
AGREEMENT	REJECT	ARABIA	AWE
AGREEMENT	REJECT	ARABIA	DEFAULT
AGREEMENT	REJECT	ARABIA	DISDAIN
AGREEMENT	REJECT	ARABIA	MEEK
AGREEMENT	REJECT	AMERICA	DEFAULT
AGREEMENT	REJECT	AMERICA	DISDAIN
AGREEMENT	REJECT	BRAZIL	DEFAULT
AGREEMENT	REJECT	KOREA	DEFAULT
AGREEMENT	REJECT	DEFAULT
AGREEMENT	REJECT	FRANCE	DEFAULT
AGREEMENT	REJECT	FRANCE	DISDAIN
AGREEMENT	REJECT	FRANCE	TO-GERMANY
AGREEMENT	REJECT	INDIA	DEFAULT
AGREEMENT	REJECT	INDIA	PURITY	TO-SUPREMACY
AGREEMENT	REJECT	GERMANY	DEFAULT
AGREEMENT	REJECT	GERMANY	TO-FRANCE	DISDAIN
AGREEMENT	REJECT	GERMANY	TO-FRANCE	KIND
AGREEMENT	REJECT	GERMANY	TO-FRANCE	MEEK
AGREEMENT	REJECT	ENGLAND	AWE
AGREEMENT	REJECT	ENGLAND	DEFAULT
AGREEMENT	REJECT	ENGLAND	DISDAIN
AGREEMENT	REJECT	ENGLAND	KIND
AGREEMENT	REJECT	ENGLAND	MEEK
AGREEMENT	REJECT	CHINA	AWE
AGREEMENT	REJECT	CHINA	DEFAULT
AGREEMENT	REJECT	CHINA	DISDAIN
AGREEMENT	REJECT	CHINA	KIND
AGREEMENT	REJECT	CHINA	MEEK
AGREEMENT	REJECT	INDONESIA	DEFAULT
AGREEMENT	REJECT	INDONESIA	MEEK
AGREEMENT	REJECT	INDONESIA	TO-AMERICA
AGREEMENT	REJECT	RUSSIA	DEFAULT
AGREEMENT	REJECT	RUSSIA	SUPREMACY
AGREEMENT	SAD-YOU-REJECTED	AFRICA	DEFAULT
AGREEMENT	SAD-YOU-REJECTED	ARABIA	DEFAULT
AGREEMENT	SAD-YOU-REJECTED	AMERICA	DEFAULT
AGREEMENT	SAD-YOU-REJECTED	BRAZIL	DEFAULT
AGREEMENT	SAD-YOU-REJECTED	KOREA	DEFAULT
AGREEMENT	SAD-YOU-REJECTED	FRANCE	DEFAULT
AGREEMENT	SAD-YOU-REJECTED	FRANCE	TO-GERMANY
AGREEMENT	SAD-YOU-REJECTED	INDIA	DEFAULT
AGREEMENT	SAD-YOU-REJECTED	GERMANY	DEFAULT
AGREEMENT	SAD-YOU-REJECTED	GERMANY	TO-FRANCE
AGREEMENT	SAD-YOU-REJECTED	ENGLAND	DEFAULT
AGREEMENT	SAD-YOU-REJECTED	CHINA	DEFAULT
AGREEMENT	SAD-YOU-REJECTED	INDONESIA	DEFAULT
AGREEMENT	SAD-YOU-REJECTED	RUSSIA	DEFAULT
AGREEMENT	SAD-YOU-REJECTED	RUSSIA	SUPREMACY
AGREEMENT	CONFIRM	BRAZIL	MEEK
AGREEMENT	CONFIRM	KOREA	AWE
AGREEMENT	CONFIRM	INDONESIA	PURITY	TO-SUPREMACY
CONFRONT	AGENT-CAUGHT	AFRICA	DEFAULT
CONFRONT	AGENT-CAUGHT	AFRICA	HATE
CONFRONT	AGENT-CAUGHT	ARABIA	DEFAULT
CONFRONT	AGENT-CAUGHT	AMERICA	DEFAULT
CONFRONT	AGENT-CAUGHT	AMERICA	TO-KOREA
CONFRONT	AGENT-CAUGHT	BRAZIL	DEFAULT
CONFRONT	AGENT-CAUGHT	BRAZIL	DISDAIN
CONFRONT	AGENT-CAUGHT	BRAZIL	HATE
CONFRONT	AGENT-CAUGHT	KOREA	AWE
CONFRONT	AGENT-CAUGHT	KOREA	DEFAULT
CONFRONT	AGENT-CAUGHT	KOREA	DISDAIN
CONFRONT	AGENT-CAUGHT	KOREA	HATE
CONFRONT	AGENT-CAUGHT	KOREA	KIND
CONFRONT	AGENT-CAUGHT	KOREA	TO-CHINA	DISDAIN
CONFRONT	AGENT-CAUGHT	KOREA	TO-CHINA	HATE
CONFRONT	AGENT-CAUGHT	KOREA	TO-CHINA	KIND
CONFRONT	AGENT-CAUGHT	FRANCE	DEFAULT
CONFRONT	AGENT-CAUGHT	FRANCE	KIND
CONFRONT	AGENT-CAUGHT	INDIA	DEFAULT
CONFRONT	AGENT-CAUGHT	GERMANY	DEFAULT
CONFRONT	AGENT-CAUGHT	ENGLAND	DEFAULT
CONFRONT	AGENT-CAUGHT	CHINA	DEFAULT
CONFRONT	AGENT-CAUGHT	CHINA	TO-KOREA
CONFRONT	AGENT-CAUGHT	INDONESIA	DEFAULT
CONFRONT	AGENT-CAUGHT	RUSSIA	DEFAULT
CONFRONT	AGGRESSIVE-EXPANSION	AFRICA	DEFAULT
CONFRONT	AGGRESSIVE-EXPANSION	AFRICA	HATE
CONFRONT	AGGRESSIVE-EXPANSION	AFRICA	TO-EUROPE	HATE
CONFRONT	AGGRESSIVE-EXPANSION	ARABIA	DEFAULT
CONFRONT	AGGRESSIVE-EXPANSION	AMERICA	AWE
CONFRONT	AGGRESSIVE-EXPANSION	AMERICA	DEFAULT
CONFRONT	AGGRESSIVE-EXPANSION	BRAZIL	DEFAULT
CONFRONT	AGGRESSIVE-EXPANSION	KOREA	DEFAULT
CONFRONT	AGGRESSIVE-EXPANSION	KOREA	TO-CHINA
CONFRONT	AGGRESSIVE-EXPANSION	KOREA	TO-CHINA	DISDAIN
CONFRONT	AGGRESSIVE-EXPANSION	FRANCE	DEFAULT
CONFRONT	AGGRESSIVE-EXPANSION	INDIA	DEFAULT
CONFRONT	AGGRESSIVE-EXPANSION	GERMANY	DEFAULT
CONFRONT	AGGRESSIVE-EXPANSION	GERMANY	TO-FRANCE
CONFRONT	AGGRESSIVE-EXPANSION	ENGLAND	DEFAULT
CONFRONT	AGGRESSIVE-EXPANSION	CHINA	DEFAULT
CONFRONT	AGGRESSIVE-EXPANSION	INDONESIA	DEFAULT
CONFRONT	AGGRESSIVE-EXPANSION	RUSSIA	DEFAULT
CONFRONT	AGGRESSIVE-MILITARY	AFRICA	DEFAULT
CONFRONT	AGGRESSIVE-MILITARY	AFRICA	TO-BRAZIL
CONFRONT	AGGRESSIVE-MILITARY	ARABIA	DEFAULT
CONFRONT	AGGRESSIVE-MILITARY	AMERICA	DEFAULT
CONFRONT	AGGRESSIVE-MILITARY	AMERICA	HATE
CONFRONT	AGGRESSIVE-MILITARY	BRAZIL	DEFAULT
CONFRONT	AGGRESSIVE-MILITARY	BRAZIL	TO-AFRICA
CONFRONT	AGGRESSIVE-MILITARY	BRAZIL	TO-AMERICA
CONFRONT	AGGRESSIVE-MILITARY	BRAZIL	TO-INDIA
CONFRONT	AGGRESSIVE-MILITARY	BRAZIL	TO-GERMANY
CONFRONT	AGGRESSIVE-MILITARY	BRAZIL	TO-CHINA	HATE
CONFRONT	AGGRESSIVE-MILITARY	BRAZIL	TO-RUSSIA
CONFRONT	AGGRESSIVE-MILITARY	KOREA	DEFAULT
CONFRONT	AGGRESSIVE-MILITARY	KOREA	KIND
CONFRONT	AGGRESSIVE-MILITARY	FRANCE	DEFAULT
CONFRONT	AGGRESSIVE-MILITARY	INDIA	DEFAULT
CONFRONT	AGGRESSIVE-MILITARY	GERMANY	DEFAULT
CONFRONT	AGGRESSIVE-MILITARY	ENGLAND	DEFAULT
CONFRONT	AGGRESSIVE-MILITARY	CHINA	DEFAULT
CONFRONT	AGGRESSIVE-MILITARY	CHINA	TO-KOREA
CONFRONT	AGGRESSIVE-MILITARY	INDONESIA	DEFAULT
CONFRONT	AGGRESSIVE-MILITARY	RUSSIA	DEFAULT
CONFRONT	AGGRESSIVE-MILITARY	RUSSIA	DISDAIN
CONFRONT	AGGRESSIVE-MILITARY	RUSSIA	TO-AMERICA
CONFRONT	DEFEAT	AFRICA	DEFAULT
CONFRONT	DEFEAT	ARABIA	DEFAULT
CONFRONT	DEFEAT	AMERICA	DEFAULT
CONFRONT	DEFEAT	AMERICA	TO-RUSSIA
CONFRONT	DEFEAT	BRAZIL	DEFAULT
CONFRONT	DEFEAT	KOREA	DEFAULT
CONFRONT	DEFEAT	KOREA	HARMONY	TO-SUPREMACY
CONFRONT	DEFEAT	FRANCE	DEFAULT
CONFRONT	DEFEAT	FRANCE	TO-GERMANY
CONFRONT	DEFEAT	INDIA	DEFAULT
CONFRONT	DEFEAT	GERMANY	DEFAULT
CONFRONT	DEFEAT	GERMANY	TO-FRANCE
CONFRONT	DEFEAT	ENGLAND	DEFAULT
CONFRONT	DEFEAT	CHINA	DEFAULT
CONFRONT	DEFEAT	CHINA	TO-KOREA
CONFRONT	DEFEAT	INDONESIA	DEFAULT
CONFRONT	DEFEAT	RUSSIA	DEFAULT
CONFRONT	DEFEAT	RUSSIA	TO-AMERICA
CONFRONT	DIFFERENCE	AFRICA	DEFAULT
CONFRONT	DIFFERENCE	AFRICA	HARMONY
CONFRONT	DIFFERENCE	AFRICA	HATE
CONFRONT	DIFFERENCE	ARABIA	DEFAULT
CONFRONT	DIFFERENCE	ARABIA	HARMONY	TO-PURITY
CONFRONT	DIFFERENCE	ARABIA	HARMONY	TO-SUPREMACY
CONFRONT	DIFFERENCE	ARABIA	PURITY	TO-SUPREMACY
CONFRONT	DIFFERENCE	ARABIA	SUPREMACY	TO-PURITY
CONFRONT	DIFFERENCE	AMERICA	DEFAULT
CONFRONT	DIFFERENCE	BRAZIL	DEFAULT
CONFRONT	DIFFERENCE	BRAZIL	PURITY	TO-HARMONY
CONFRONT	DIFFERENCE	BRAZIL	PURITY	TO-SUPREMACY
CONFRONT	DIFFERENCE	BRAZIL	SUPREMACY	TO-HARMONY
CONFRONT	DIFFERENCE	KOREA	DEFAULT
CONFRONT	DIFFERENCE	ENGLAND	DEFAULT
CONFRONT	DIFFERENCE	DEFAULT
CONFRONT	DIFFERENCE	GENERIC
CONFRONT	DIFFERENCE	FRANCE	DEFAULT
CONFRONT	DIFFERENCE	INDIA	DEFAULT
CONFRONT	DIFFERENCE	INDIA	HARMONY	TO-SUPREMACY
CONFRONT	DIFFERENCE	INDIA	PURITY	TO-SUPREMACY
CONFRONT	DIFFERENCE	INDIA	SUPREMACY	TO-PURITY
CONFRONT	DIFFERENCE	GERMANY	DEFAULT
CONFRONT	DIFFERENCE	CHINA	DEFAULT
CONFRONT	DIFFERENCE	INDONESIA	DEFAULT
CONFRONT	DIFFERENCE	INDONESIA	HARMONY	TO-SUPREMACY
CONFRONT	DIFFERENCE	INDONESIA	PURITY	TO-HARMONY
CONFRONT	DIFFERENCE	INDONESIA	PURITY	TO-SUPREMACY
CONFRONT	DIFFERENCE	INDONESIA	SUPREMACY	TO-HARMONY
CONFRONT	DIFFERENCE	INDONESIA	SUPREMACY	TO-PURITY
CONFRONT	DIFFERENCE	INDONESIA	SUPREMACY	TO-PURITY	TO-CHINA
CONFRONT	DIFFERENCE	RUSSIA	DEFAULT
CONFRONT	DIFFERENCE	RUSSIA	HARMONY	TO-PURITY
CONFRONT	DIFFERENCE	RUSSIA	HARMONY	TO-SUPREMACY
CONFRONT	DIFFERENCE	RUSSIA	PURITY	TO-HARMONY
CONFRONT	DIFFERENCE	RUSSIA	PURITY	TO-SUPREMACY
CONFRONT	DIFFERENCE	RUSSIA	SUPREMACY	TO-HARMONY
CONFRONT	DIFFERENCE	RUSSIA	SUPREMACY	TO-PURITY
CONFRONT	MEET	AFRICA	DEFAULT
CONFRONT	MEET	AFRICA	TO-GERMANY
CONFRONT	MEET	AFRICA	TO-CHINA
CONFRONT	MEET	ARABIA	DEFAULT
CONFRONT	MEET	ARABIA	TO-AMERICA
CONFRONT	MEET	AMERICA	DEFAULT
CONFRONT	MEET	AMERICA	TO-CHINA
CONFRONT	MEET	AMERICA	TO-RUSSIA
CONFRONT	MEET	BRAZIL	DEFAULT
CONFRONT	MEET	BRAZIL	TO-AFRICA
CONFRONT	MEET	KOREA	DEFAULT
CONFRONT	MEET	KOREA	TO-CHINA
CONFRONT	MEET	FRANCE	DEFAULT
CONFRONT	MEET	FRANCE	TO-GERMANY
CONFRONT	MEET	INDIA	DEFAULT
CONFRONT	MEET	GERMANY	DEFAULT
CONFRONT	MEET	GERMANY	TO-FRANCE
CONFRONT	MEET	ENGLAND	DEFAULT
CONFRONT	MEET	CHINA	DEFAULT
CONFRONT	MEET	CHINA	TO-KOREA
CONFRONT	MEET	INDONESIA	DEFAULT
CONFRONT	MEET	RUSSIA	DEFAULT
CONFRONT	MEET	RUSSIA	TO-AMERICA
CONFRONTATION	AFFINITY-DIFFERS	DEFAULT
CONFRONTATION	AGGRESSIVE-EXPANSION	DEFAULT
CONFRONTATION	AGGRESSIVE-MILITARY	DEFAULT
CONFRONTATION	CAUGHT-AGENT	DEFAULT
CONFRONT	AGGRESSIVE-ORBITAL-DEPLOYMENT	DEFAULT
CONFRONT	VICTIM-OF-COVERT-OPS	BOMBSHELL	DEFAULT
CONFRONT	WAR	DEFAULT
DECLARE-WAR	BACKSTAB	DEFAULT
DISCUSS-AGREEMENTS	AFRICA	DEFAULT
DISCUSS-AGREEMENTS	AFRICA	HATE
DISCUSS-AGREEMENTS	ARABIA	AWE
DISCUSS-AGREEMENTS	ARABIA	DEFAULT
DISCUSS-AGREEMENTS	ARABIA	DISDAIN
DISCUSS-AGREEMENTS	ARABIA	HARMONY	KIND
DISCUSS-AGREEMENTS	ARABIA	HATE
DISCUSS-AGREEMENTS	ARABIA	KIND
DISCUSS-AGREEMENTS	ARABIA	PURITY	TO-HARMONY
DISCUSS-AGREEMENTS	ARABIA	PURITY	TO-SUPREMACY
DISCUSS-AGREEMENTS	AMERICA	DEFAULT
DISCUSS-AGREEMENTS	AMERICA	DISDAIN
DISCUSS-AGREEMENTS	AMERICA	HARMONY	TO-HARMONY
DISCUSS-AGREEMENTS	AMERICA	HATE
DISCUSS-AGREEMENTS	AMERICA	KIND
DISCUSS-AGREEMENTS	AMERICA	SUPREMACY	TO-HARMONY
DISCUSS-AGREEMENTS	BRAZIL	DEFAULT
DISCUSS-AGREEMENTS	BRAZIL	DISDAIN
DISCUSS-AGREEMENTS	BRAZIL	MEEK
DISCUSS-AGREEMENTS	BRAZIL	TO-CHINA	DISDAIN
DISCUSS-AGREEMENTS	KOREA	AWE
DISCUSS-AGREEMENTS	KOREA	DEFAULT
DISCUSS-AGREEMENTS	KOREA	TO-CHINA	DISDAIN
DISCUSS-AGREEMENTS	DEFAULT
DISCUSS-AGREEMENTS	FRANCE	DEFAULT
DISCUSS-AGREEMENTS	FRANCE	DISDAIN
DISCUSS-AGREEMENTS	FRANCE	KIND
DISCUSS-AGREEMENTS	INDIA	DEFAULT
DISCUSS-AGREEMENTS	INDIA	HARMONY	TO-HARMONY	DISDAIN
DISCUSS-AGREEMENTS	INDIA	HARMONY	TO-HARMONY	NEUTRAL
DISCUSS-AGREEMENTS	INDIA	HARMONY	TO-PURITY
DISCUSS-AGREEMENTS	INDIA	PURITY	TO-SUPREMACY	DISDAIN
DISCUSS-AGREEMENTS	INDIA	SUPREMACY	TO-PURITY	MEEK
DISCUSS-AGREEMENTS	GERMANY	AWE
DISCUSS-AGREEMENTS	GERMANY	DEFAULT
DISCUSS-AGREEMENTS	GERMANY	DISDAIN
DISCUSS-AGREEMENTS	GERMANY	TO-FRANCE	DISDAIN
DISCUSS-AGREEMENTS	GERMANY	TO-FRANCE	HATE
DISCUSS-AGREEMENTS	GERMANY	TO-FRANCE	KIND
DISCUSS-AGREEMENTS	GERMANY	TO-FRANCE	MEEK
DISCUSS-AGREEMENTS	ENGLAND	AWE
DISCUSS-AGREEMENTS	ENGLAND	DEFAULT
DISCUSS-AGREEMENTS	ENGLAND	DISDAIN
DISCUSS-AGREEMENTS	ENGLAND	KIND
DISCUSS-AGREEMENTS	ENGLAND	MEEK
DISCUSS-AGREEMENTS	CHINA	AWE
DISCUSS-AGREEMENTS	CHINA	DEFAULT
DISCUSS-AGREEMENTS	CHINA	DISDAIN
DISCUSS-AGREEMENTS	CHINA	KIND
DISCUSS-AGREEMENTS	CHINA	MEEK
DISCUSS-AGREEMENTS	CHINA	TO-KOREA
DISCUSS-AGREEMENTS	INDONESIA	DEFAULT
DISCUSS-AGREEMENTS	INDONESIA	DISDAIN
DISCUSS-AGREEMENTS	INDONESIA	KIND
DISCUSS-AGREEMENTS	INDONESIA	NEUTRAL
DISCUSS-AGREEMENTS	RUSSIA	AWE
DISCUSS-AGREEMENTS	RUSSIA	DEFAULT
DISCUSS-AGREEMENTS	RUSSIA	KIND
DISCUSS-AGREEMENTS	RUSSIA	MEEK
DISCUSS-AGREEMENTS	RUSSIA	SUPREMACY
GREETING	AFRICA
GREETING	AFRICA	AWE
GREETING	AFRICA	DISDAIN
GREETING	AFRICA	HARMONY	TO-HARMONY
GREETING	AFRICA	HATE
GREETING	AFRICA	KIND
GREETING	AFRICA	MEEK
GREETING	AFRICA	NEUTRAL
GREETING	AFRICA	PURITY	TO-PURITY
GREETING	AFRICA	TO-ARABIA
GREETING	AFRICA	TO-AMERICA
GREETING	AFRICA	TO-AMERICA	HATE
GREETING	AFRICA	TO-BRAZIL
GREETING	AFRICA	TO-FRANCE
GREETING	AFRICA	TO-INDIA
GREETING	ARABIA
GREETING	ARABIA	AWE
GREETING	ARABIA	DISDAIN
GREETING	ARABIA	HATE
GREETING	ARABIA	KIND
GREETING	ARABIA	MEEK
GREETING	ARABIA	NEUTRAL
GREETING	ARABIA	TO-AMERICA
GREETING	AMERICA
GREETING	AMERICA	AWE
GREETING	AMERICA	DISDAIN
GREETING	AMERICA	HATE
GREETING	AMERICA	KIND
GREETING	AMERICA	MEEK
GREETING	AMERICA	NEUTRAL
GREETING	BRAZIL
GREETING	BRAZIL	AWE
GREETING	BRAZIL	DISDAIN
GREETING	BRAZIL	HATE
GREETING	BRAZIL	KIND
GREETING	BRAZIL	MEEK
GREETING	BRAZIL	NEUTRAL
GREETING	KOREA
GREETING	KOREA	AWE
GREETING	KOREA	DISDAIN
GREETING	KOREA	HATE
GREETING	KOREA	KIND
GREETING	KOREA	MEEK
GREETING	KOREA	NEUTRAL
GREETING	KOREA	TO-CHINA	AWE
GREETING	KOREA	TO-CHINA	NEUTRAL
GREETING	FRANCE
GREETING	FRANCE	AWE
GREETING	FRANCE	DISDAIN
GREETING	FRANCE	HATE
GREETING	FRANCE	KIND
GREETING	FRANCE	MEEK
GREETING	FRANCE	NEUTRAL
GREETING	FRANCE	TO-GERMANY
GREETING	HARMONY
GREETING	INDIA
GREETING	INDIA	AWE
GREETING	INDIA	DISDAIN
GREETING	INDIA	HARMONY	TO-HARMONY
GREETING	INDIA	HARMONY	TO-HARMONY	AWE
GREETING	INDIA	HARMONY	TO-PURITY	HARMONY	KIND
GREETING	INDIA	HARMONY	TO-PURITY	NEUTRAL
GREETING	INDIA	HARMONY	TO-SUPREMACY	DISDAIN
GREETING	INDIA	HARMONY	TO-SUPREMACY	HATE
GREETING	INDIA	HARMONY	TO-SUPREMACY	NEUTRAL
GREETING	INDIA	HATE
GREETING	INDIA	KIND
GREETING	INDIA	MEEK
GREETING	INDIA	NEUTRAL
GREETING	INDIA	PURITY	SUPREMACY	KIND
GREETING	INDIA	PURITY	SUPREMACY	NEUTRAL
GREETING	INDIA	SUPREMACY	TO-PURITY	DISDAIN
GREETING	INDIA	SUPREMACY	TO-PURITY	KIND
GREETING	INDIA	SUPREMACY	TO-PURITY	MEEK
GREETING	GERMANY
GREETING	GERMANY	AWE
GREETING	GERMANY	DISDAIN
GREETING	GERMANY	HATE
GREETING	GERMANY	KIND
GREETING	GERMANY	MEEK
GREETING	GERMANY	NEUTRAL
GREETING	GERMANY	TO-FRANCE	AWE
GREETING	GERMANY	TO-FRANCE	DISDAIN
GREETING	GERMANY	TO-FRANCE	HATE
GREETING	GERMANY	TO-FRANCE	KIND
GREETING	GERMANY	TO-FRANCE	MEEK
GREETING	ENGLAND
GREETING	ENGLAND	AWE
GREETING	ENGLAND	DISDAIN
GREETING	ENGLAND	HATE
GREETING	ENGLAND	KIND
GREETING	ENGLAND	MEEK
GREETING	ENGLAND	NEUTRAL
GREETING	CHINA	TO-KOREA	HATE
GREETING	CHINA
GREETING	CHINA	AWE
GREETING	CHINA	DISDAIN
GREETING	CHINA	HATE
GREETING	CHINA	KIND
GREETING	CHINA	MEEK
GREETING	CHINA	NEUTRAL
GREETING	INDONESIA
GREETING	INDONESIA	AWE
GREETING	INDONESIA	DISDAIN
GREETING	INDONESIA	HATE
GREETING	INDONESIA	KIND
GREETING	INDONESIA	MEEK
GREETING	INDONESIA	NEUTRAL
GREETING	INDONESIA	PURITY	TO-SUPREMACY
GREETING	PURITY
GREETING	RUSSIA
GREETING	RUSSIA	AWE
GREETING	RUSSIA	DISDAIN
GREETING	RUSSIA	HATE
GREETING	RUSSIA	KIND
GREETING	RUSSIA	MEEK
GREETING	RUSSIA	NEUTRAL
GREETING	SUPREMACY
LET-ME-THINK	AFRICA	DEFAULT
LET-ME-THINK	AFRICA	HATE
LET-ME-THINK	AFRICA	KIND
LET-ME-THINK	ARABIA	DEFAULT
LET-ME-THINK	AMERICA	DEFAULT
LET-ME-THINK	BRAZIL	DEFAULT
LET-ME-THINK	KOREA	DEFAULT
LET-ME-THINK	DEFAULT
LET-ME-THINK	FRANCE	DEFAULT
LET-ME-THINK	FRANCE	TO-GERMANY
LET-ME-THINK	INDIA	DEFAULT
LET-ME-THINK	GERMANY	DEFAULT
LET-ME-THINK	ENGLAND	DEFAULT
LET-ME-THINK	CHINA	DEFAULT
LET-ME-THINK	INDONESIA	DEFAULT
LET-ME-THINK	RUSSIA	DEFAULT
NOT-MAKING-AGREEMENTS	AFRICA	DEFAULT
NOT-MAKING-AGREEMENTS	ARABIA	DEFAULT
NOT-MAKING-AGREEMENTS	AMERICA	DEFAULT
NOT-MAKING-AGREEMENTS	BRAZIL	DEFAULT
NOT-MAKING-AGREEMENTS	KOREA	DEFAULT
NOT-MAKING-AGREEMENTS	DEFAULT
NOT-MAKING-AGREEMENTS	FRANCE	DEFAULT
NOT-MAKING-AGREEMENTS	FRANCE	TO-GERMANY
NOT-MAKING-AGREEMENTS	INDIA	DEFAULT
NOT-MAKING-AGREEMENTS	GERMANY	DEFAULT
NOT-MAKING-AGREEMENTS	ENGLAND	DEFAULT
NOT-MAKING-AGREEMENTS	ENGLAND	HATE
NOT-MAKING-AGREEMENTS	CHINA	DEFAULT
NOT-MAKING-AGREEMENTS	INDONESIA	DEFAULT
NOT-MAKING-AGREEMENTS	RUSSIA	DEFAULT
PEACE	ACCEPT-DEFAULT
PEACE	HAPPY-YOU-ACCEPTED	DEFAULT
PEACE	OFFER	DEFAULT
PEACE	REJECT	DEFAULT
PEACE	SAD-YOU-REJECTED	DEFAULT
PEACE	REJECT	TOO	SOON	DEFAULT
PEACE	REJECT	STALEMATE	DEFAULT
PEACE	REJECT	STILL	HOPE	DEFAULT
RELATIONSHIP	ACCEPT-NEGATIVE	AFRICA	DEFAULT
RELATIONSHIP	ACCEPT-NEGATIVE	ARABIA	DEFAULT
RELATIONSHIP	ACCEPT-NEGATIVE	AMERICA	DEFAULT
RELATIONSHIP	ACCEPT-NEGATIVE	BRAZIL	DEFAULT
RELATIONSHIP	ACCEPT-NEGATIVE	BRAZIL	DISDAIN
RELATIONSHIP	ACCEPT-NEGATIVE	KOREA	DEFAULT
RELATIONSHIP	ACCEPT-NEGATIVE	DEFAULT
RELATIONSHIP	ACCEPT-NEGATIVE	FRANCE	DEFAULT
RELATIONSHIP	ACCEPT-NEGATIVE	FRANCE	TO-GERMANY
RELATIONSHIP	ACCEPT-NEGATIVE	INDIA	DEFAULT
RELATIONSHIP	ACCEPT-NEGATIVE	GERMANY	DEFAULT
RELATIONSHIP	ACCEPT-NEGATIVE	ENGLAND	DEFAULT
RELATIONSHIP	ACCEPT-NEGATIVE	CHINA	DEFAULT
RELATIONSHIP	ACCEPT-NEGATIVE	INDONESIA	DEFAULT
RELATIONSHIP	ACCEPT-NEGATIVE	INDONESIA	MEEK
RELATIONSHIP	ACCEPT-NEGATIVE	RUSSIA	DEFAULT
RELATIONSHIP	ACCEPT-NEGATIVE	RUSSIA	SUPREMACY
RELATIONSHIP	ACCEPT-POSITIVE	AFRICA	DEFAULT
RELATIONSHIP	ACCEPT-POSITIVE	ARABIA	DEFAULT
RELATIONSHIP	ACCEPT-POSITIVE	AMERICA	DEFAULT
RELATIONSHIP	ACCEPT-POSITIVE	BRAZIL	DEFAULT
RELATIONSHIP	ACCEPT-POSITIVE	KOREA	DEFAULT
RELATIONSHIP	ACCEPT-POSITIVE	DEFAULT
RELATIONSHIP	ACCEPT-POSITIVE	FRANCE	DEFAULT
RELATIONSHIP	ACCEPT-POSITIVE	INDIA	DEFAULT
RELATIONSHIP	ACCEPT-POSITIVE	GERMANY	DEFAULT
RELATIONSHIP	ACCEPT-POSITIVE	ENGLAND	DEFAULT
RELATIONSHIP	ACCEPT-POSITIVE	CHINA	DEFAULT
RELATIONSHIP	ACCEPT-POSITIVE	INDONESIA	DEFAULT
RELATIONSHIP	ACCEPT-POSITIVE	INDONESIA	TO-INDIA
RELATIONSHIP	ACCEPT-POSITIVE	RUSSIA	DEFAULT
RELATIONSHIP	ACCEPT-POSITIVE	RUSSIA	SUPREMACY
RELATIONSHIP	ACCEPT-VERY-NEGATIVE	AFRICA	DEFAULT
RELATIONSHIP	ACCEPT-VERY-NEGATIVE	ARABIA	DEFAULT
RELATIONSHIP	ACCEPT-VERY-NEGATIVE	AMERICA	DEFAULT
RELATIONSHIP	ACCEPT-VERY-NEGATIVE	BRAZIL	DEFAULT
RELATIONSHIP	ACCEPT-VERY-NEGATIVE	BRAZIL	HATE
RELATIONSHIP	ACCEPT-VERY-NEGATIVE	BRAZIL	MEEK
RELATIONSHIP	ACCEPT-VERY-NEGATIVE	KOREA	DEFAULT
RELATIONSHIP	ACCEPT-VERY-NEGATIVE	KOREA	TO-CHINA	DISDAIN
RELATIONSHIP	ACCEPT-VERY-NEGATIVE	KOREA	TO-CHINA	KIND
RELATIONSHIP	ACCEPT-VERY-NEGATIVE	DEFAULT
RELATIONSHIP	ACCEPT-VERY-NEGATIVE	FRANCE	DEFAULT
RELATIONSHIP	ACCEPT-VERY-NEGATIVE	FRANCE	TO-GERMANY
RELATIONSHIP	ACCEPT-VERY-NEGATIVE	INDIA	DEFAULT
RELATIONSHIP	ACCEPT-VERY-NEGATIVE	GERMANY	DEFAULT
RELATIONSHIP	ACCEPT-VERY-NEGATIVE	ENGLAND	DEFAULT
RELATIONSHIP	ACCEPT-VERY-NEGATIVE	ENGLAND	DISDAIN
RELATIONSHIP	ACCEPT-VERY-NEGATIVE	CHINA	DEFAULT
RELATIONSHIP	ACCEPT-VERY-NEGATIVE	INDONESIA	DEFAULT
RELATIONSHIP	ACCEPT-VERY-NEGATIVE	RUSSIA	DEFAULT
RELATIONSHIP	ACCEPT-VERY-NEGATIVE	RUSSIA	SUPREMACY
RELATIONSHIP	ANGRY	DEFAULT
RELATIONSHIP	DISAPPOINTED	DEFAULT
RELATIONSHIP	HAPPY-YOU-ACCEPTED
RELATIONSHIP	HAPPY-YOU-ACCEPTED	AFRICA	DEFAULT
RELATIONSHIP	HAPPY-YOU-ACCEPTED	ARABIA	DEFAULT
RELATIONSHIP	HAPPY-YOU-ACCEPTED	ARABIA	MEEK
RELATIONSHIP	HAPPY-YOU-ACCEPTED	AMERICA	AFFINITY	DIFFERENCE
RELATIONSHIP	HAPPY-YOU-ACCEPTED	AMERICA	DEFAULT
RELATIONSHIP	HAPPY-YOU-ACCEPTED	BRAZIL	AWE
RELATIONSHIP	HAPPY-YOU-ACCEPTED	BRAZIL	DEFAULT
RELATIONSHIP	HAPPY-YOU-ACCEPTED	KOREA	AWE
RELATIONSHIP	HAPPY-YOU-ACCEPTED	KOREA	DEFAULT
RELATIONSHIP	HAPPY-YOU-ACCEPTED	FRANCE	DEFAULT
RELATIONSHIP	HAPPY-YOU-ACCEPTED	FRANCE	TO-GERMANY
RELATIONSHIP	HAPPY-YOU-ACCEPTED	INDIA	DEFAULT
RELATIONSHIP	HAPPY-YOU-ACCEPTED	GERMANY	DEFAULT
RELATIONSHIP	HAPPY-YOU-ACCEPTED	GERMANY	TO-FRANCE	DISDAIN
RELATIONSHIP	HAPPY-YOU-ACCEPTED	ENGLAND	DEFAULT
RELATIONSHIP	HAPPY-YOU-ACCEPTED	CHINA	DEFAULT
RELATIONSHIP	HAPPY-YOU-ACCEPTED	INDONESIA	DEFAULT
RELATIONSHIP	HAPPY-YOU-ACCEPTED	RUSSIA	DEFAULT
RELATIONSHIP	HAPPY-YOU-ACCEPTED	RUSSIA	SUPREMACY
RELATIONSHIP	INTRO	AFRICA	DEFAULT
RELATIONSHIP	INTRO	AFRICA	HATE
RELATIONSHIP	INTRO	ARABIA	DEFAULT
RELATIONSHIP	INTRO	AMERICA	DEFAULT
RELATIONSHIP	INTRO	AMERICA	DISDAIN
RELATIONSHIP	INTRO	AMERICA	PURITY	TO-HARMONY
RELATIONSHIP	INTRO	BRAZIL	DEFAULT
RELATIONSHIP	INTRO	BRAZIL	NEUTRAL
RELATIONSHIP	INTRO	KOREA	AWE
RELATIONSHIP	INTRO	KOREA	DEFAULT
RELATIONSHIP	INTRO	KOREA	TO-CHINA	KIND
RELATIONSHIP	INTRO	DEFAULT
RELATIONSHIP	INTRO	FRANCE	DEFAULT
RELATIONSHIP	INTRO	FRANCE	DISDAIN
RELATIONSHIP	INTRO	FRANCE	TO-GERMANY
RELATIONSHIP	INTRO	INDIA	DEFAULT
RELATIONSHIP	INTRO	GERMANY	DEFAULT
RELATIONSHIP	INTRO	GERMANY	TO-FRANCE	AWE
RELATIONSHIP	INTRO	GERMANY	TO-FRANCE	DISDAIN
RELATIONSHIP	INTRO	GERMANY	TO-FRANCE	HATE
RELATIONSHIP	INTRO	GERMANY	TO-FRANCE	KIND
RELATIONSHIP	INTRO	GERMANY	TO-FRANCE	MEEK
RELATIONSHIP	INTRO	ENGLAND	AWE
RELATIONSHIP	INTRO	ENGLAND	DEFAULT
RELATIONSHIP	INTRO	ENGLAND	DISDAIN
RELATIONSHIP	INTRO	ENGLAND	HATE
RELATIONSHIP	INTRO	ENGLAND	KIND
RELATIONSHIP	INTRO	ENGLAND	MEEK
RELATIONSHIP	INTRO	CHINA	AWE
RELATIONSHIP	INTRO	CHINA	DEFAULT
RELATIONSHIP	INTRO	CHINA	DISDAIN
RELATIONSHIP	INTRO	CHINA	HATE
RELATIONSHIP	INTRO	CHINA	KIND
RELATIONSHIP	INTRO	CHINA	MEEK
RELATIONSHIP	INTRO	INDONESIA	DEFAULT
RELATIONSHIP	INTRO	INDONESIA	KIND
RELATIONSHIP	INTRO	RUSSIA	DEFAULT
RELATIONSHIP	INTRO	RUSSIA	SUPREMACY
RELATIONSHIP	PROPOSE-CHANGE	AFRICA	DEFAULT
RELATIONSHIP	PROPOSE-CHANGE	ARABIA	DEFAULT
RELATIONSHIP	PROPOSE-CHANGE	AMERICA	DEFAULT
RELATIONSHIP	PROPOSE-CHANGE	BRAZIL	DEFAULT
RELATIONSHIP	PROPOSE-CHANGE	KOREA	AWE
RELATIONSHIP	PROPOSE-CHANGE	KOREA	DEFAULT
RELATIONSHIP	PROPOSE-CHANGE	DEFAULT
RELATIONSHIP	PROPOSE-CHANGE	FRANCE	DEFAULT
RELATIONSHIP	PROPOSE-CHANGE	FRANCE	TO-GERMANY
RELATIONSHIP	PROPOSE-CHANGE	INDIA	DEFAULT
RELATIONSHIP	PROPOSE-CHANGE	GERMANY	DEFAULT
RELATIONSHIP	PROPOSE-CHANGE	ENGLAND	DEFAULT
RELATIONSHIP	PROPOSE-CHANGE	CHINA	DEFAULT
RELATIONSHIP	PROPOSE-CHANGE	INDONESIA	DEFAULT
RELATIONSHIP	PROPOSE-CHANGE	INDONESIA	NEUTRAL
RELATIONSHIP	PROPOSE-CHANGE	RUSSIA	DEFAULT
RELATIONSHIP	PROPOSE-CHANGE	RUSSIA	SUPREMACY
RELATIONSHIP	REJECT	AFRICA	DEFAULT
RELATIONSHIP	REJECT	ARABIA	DEFAULT
RELATIONSHIP	REJECT	AMERICA	DEFAULT
RELATIONSHIP	REJECT	BRAZIL	DEFAULT
RELATIONSHIP	REJECT	KOREA	DEFAULT
RELATIONSHIP	REJECT	KOREA	TO-CHINA	NEUTRAL
RELATIONSHIP	REJECT	DEFAULT
RELATIONSHIP	REJECT	FRANCE	DEFAULT
RELATIONSHIP	REJECT	INDIA	DEFAULT
RELATIONSHIP	REJECT	GERMANY	DEFAULT
RELATIONSHIP	REJECT	ENGLAND	DEFAULT
RELATIONSHIP	REJECT	CHINA	DEFAULT
RELATIONSHIP	REJECT	INDONESIA	DEFAULT
RELATIONSHIP	REJECT	RUSSIA	DEFAULT
RELATIONSHIP	SAD-YOU-REJECTED
RELATIONSHIP	SAD-YOU-REJECTED	AFRICA	DEFAULT
RELATIONSHIP	SAD-YOU-REJECTED	ARABIA	DEFAULT
RELATIONSHIP	SAD-YOU-REJECTED	AMERICA	DEFAULT
RELATIONSHIP	SAD-YOU-REJECTED	BRAZIL	DEFAULT
RELATIONSHIP	SAD-YOU-REJECTED	KOREA	AWE
RELATIONSHIP	SAD-YOU-REJECTED	KOREA	DEFAULT
RELATIONSHIP	SAD-YOU-REJECTED	KOREA	MEEK
RELATIONSHIP	SAD-YOU-REJECTED	FRANCE	DEFAULT
RELATIONSHIP	SAD-YOU-REJECTED	FRANCE	TO-GERMANY
RELATIONSHIP	SAD-YOU-REJECTED	INDIA	DEFAULT
RELATIONSHIP	SAD-YOU-REJECTED	GERMANY	DEFAULT
RELATIONSHIP	SAD-YOU-REJECTED	ENGLAND	DEFAULT
RELATIONSHIP	SAD-YOU-REJECTED	CHINA	DEFAULT
RELATIONSHIP	SAD-YOU-REJECTED	INDONESIA	DEFAULT
RELATIONSHIP	SAD-YOU-REJECTED	RUSSIA	DEFAULT
RELATIONSHIP	SAD-YOU-REJECTED	RUSSIA	SUPREMACY
STILL-THINKING	AFRICA	DEFAULT
STILL-THINKING	ARABIA	DEFAULT
STILL-THINKING	AMERICA	DEFAULT
STILL-THINKING	BRAZIL	DEFAULT
STILL-THINKING	KOREA	DEFAULT
STILL-THINKING	DEFAULT
STILL-THINKING	FRANCE	DEFAULT
STILL-THINKING	FRANCE	TO-GERMANY
STILL-THINKING	INDIA	DEFAULT
STILL-THINKING	GERMANY	DEFAULT
STILL-THINKING	ENGLAND	DEFAULT
STILL-THINKING	CHINA	DEFAULT
STILL-THINKING	INDONESIA	DEFAULT
STILL-THINKING	RUSSIA	DEFAULT
TOO-MANY-AGREEMENTS	AFRICA	DEFAULT
TOO-MANY-AGREEMENTS	AFRICA	HATE
TOO-MANY-AGREEMENTS	ARABIA	DEFAULT
TOO-MANY-AGREEMENTS	AMERICA	DEFAULT
TOO-MANY-AGREEMENTS	BRAZIL	DEFAULT
TOO-MANY-AGREEMENTS	KOREA	DEFAULT
TOO-MANY-AGREEMENTS	DEFAULT
TOO-MANY-AGREEMENTS	FRANCE	DEFAULT
TOO-MANY-AGREEMENTS	FRANCE	TO-GERMANY
TOO-MANY-AGREEMENTS	INDIA	DEFAULT
TOO-MANY-AGREEMENTS	GERMANY	DEFAULT
TOO-MANY-AGREEMENTS	ENGLAND	DEFAULT
TOO-MANY-AGREEMENTS	CHINA	DEFAULT
TOO-MANY-AGREEMENTS	INDONESIA	DEFAULT
TOO-MANY-AGREEMENTS	RUSSIA	DEFAULT
ACCEPTED-PEACE	AFRICA	AWE
ACCEPTED-PEACE	AFRICA	DISDAIN
ACCEPTED-PEACE	AFRICA	HATE
ACCEPTED-PEACE	AFRICA	KIND
ACCEPTED-PEACE	AFRICA	MEEK
ACCEPTED-PEACE	ARABIA	AWE
ACCEPTED-PEACE	ARABIA	DISDAIN
ACCEPTED-PEACE	ARABIA	HATE
ACCEPTED-PEACE	ARABIA	KIND
ACCEPTED-PEACE	ARABIA	MEEK
ACCEPTED-PEACE	AMERICA	AWE
ACCEPTED-PEACE	AMERICA	DISDAIN
ACCEPTED-PEACE	AMERICA	HATE
ACCEPTED-PEACE	AMERICA	KIND
ACCEPTED-PEACE	AMERICA	MEEK
ACCEPTED-PEACE	BRAZIL	AWE
ACCEPTED-PEACE	BRAZIL	DISDAIN
ACCEPTED-PEACE	BRAZIL	HATE
ACCEPTED-PEACE	BRAZIL	KIND
ACCEPTED-PEACE	BRAZIL	MEEK
ACCEPTED-PEACE	KOREA	AWE
ACCEPTED-PEACE	KOREA	DISDAIN
ACCEPTED-PEACE	KOREA	HATE
ACCEPTED-PEACE	KOREA	KIND
ACCEPTED-PEACE	KOREA	MEEK
ACCEPTED-PEACE	FRANCE	AWE
ACCEPTED-PEACE	FRANCE	DISDAIN
ACCEPTED-PEACE	FRANCE	HATE
ACCEPTED-PEACE	FRANCE	KIND
ACCEPTED-PEACE	FRANCE	MEEK
ACCEPTED-PEACE	INDIA	AWE
ACCEPTED-PEACE	INDIA	DISDAIN
ACCEPTED-PEACE	INDIA	HATE
ACCEPTED-PEACE	INDIA	KIND
ACCEPTED-PEACE	INDIA	MEEK
ACCEPTED-PEACE	GERMANY	AWE
ACCEPTED-PEACE	GERMANY	DISDAIN
ACCEPTED-PEACE	GERMANY	HATE
ACCEPTED-PEACE	GERMANY	KIND
ACCEPTED-PEACE	GERMANY	MEEK
ACCEPTED-PEACE	ENGLAND	AWE
ACCEPTED-PEACE	ENGLAND	DISDAIN
ACCEPTED-PEACE	ENGLAND	HATE
ACCEPTED-PEACE	ENGLAND	KIND
ACCEPTED-PEACE	ENGLAND	MEEK
ACCEPTED-PEACE	CHINA	AWE
ACCEPTED-PEACE	CHINA	DISDAIN
ACCEPTED-PEACE	CHINA	HATE
ACCEPTED-PEACE	CHINA	KIND
ACCEPTED-PEACE	CHINA	MEEK
ACCEPTED-PEACE	INDONESIA	AWE
ACCEPTED-PEACE	INDONESIA	DISDAIN
ACCEPTED-PEACE	INDONESIA	HATE
ACCEPTED-PEACE	INDONESIA	KIND
ACCEPTED-PEACE	INDONESIA	MEEK
ACCEPTED-PEACE	RUSSIA	AWE
ACCEPTED-PEACE	RUSSIA	DISDAIN
ACCEPTED-PEACE	RUSSIA	HATE
ACCEPTED-PEACE	RUSSIA	KIND
ACCEPTED-PEACE	RUSSIA	MEEK
ACCEPTED-PEACE	AFRICA	NEUTRAL
ACCEPTED-PEACE	ARABIA	NEUTRAL
ACCEPTED-PEACE	AMERICA	NEUTRAL
ACCEPTED-PEACE	BRAZIL	NEUTRAL
ACCEPTED-PEACE	KOREA	NEUTRAL
ACCEPTED-PEACE	FRANCE	NEUTRAL
ACCEPTED-PEACE	INDIA	NEUTRAL
ACCEPTED-PEACE	GERMANY	NEUTRAL
ACCEPTED-PEACE	ENGLAND	NEUTRAL
ACCEPTED-PEACE	CHINA	NEUTRAL
ACCEPTED-PEACE	INDONESIA	NEUTRAL
ACCEPTED-PEACE	RUSSIA	NEUTRAL
OFFER-PEACE	AFRICA	AWE
OFFER-PEACE	AFRICA	DISDAIN
OFFER-PEACE	AFRICA	HATE
OFFER-PEACE	AFRICA	KIND
OFFER-PEACE	AFRICA	MEEK
OFFER-PEACE	ARABIA	AWE
OFFER-PEACE	ARABIA	DISDAIN
OFFER-PEACE	ARABIA	HATE
OFFER-PEACE	ARABIA	KIND
OFFER-PEACE	ARABIA	MEEK
OFFER-PEACE	AMERICA	AWE
OFFER-PEACE	AMERICA	DISDAIN
OFFER-PEACE	AMERICA	HATE
OFFER-PEACE	AMERICA	KIND
OFFER-PEACE	AMERICA	MEEK
OFFER-PEACE	BRAZIL	AWE
OFFER-PEACE	BRAZIL	DISDAIN
OFFER-PEACE	BRAZIL	HATE
OFFER-PEACE	BRAZIL	KIND
OFFER-PEACE	BRAZIL	MEEK
OFFER-PEACE	KOREA	AWE
OFFER-PEACE	KOREA	DISDAIN
OFFER-PEACE	KOREA	HATE
OFFER-PEACE	KOREA	KIND
OFFER-PEACE	KOREA	MEEK
OFFER-PEACE	FRANCE	AWE
OFFER-PEACE	FRANCE	DISDAIN
OFFER-PEACE	FRANCE	HATE
OFFER-PEACE	FRANCE	KIND
OFFER-PEACE	FRANCE	MEEK
OFFER-PEACE	INDIA	AWE
OFFER-PEACE	INDIA	DISDAIN
OFFER-PEACE	INDIA	HATE
OFFER-PEACE	INDIA	KIND
OFFER-PEACE	INDIA	MEEK
OFFER-PEACE	GERMANY	AWE
OFFER-PEACE	GERMANY	DISDAIN
OFFER-PEACE	GERMANY	HATE
OFFER-PEACE	GERMANY	KIND
OFFER-PEACE	GERMANY	MEEK
OFFER-PEACE	ENGLAND	AWE
OFFER-PEACE	ENGLAND	DISDAIN
OFFER-PEACE	ENGLAND	HATE
OFFER-PEACE	ENGLAND	KIND
OFFER-PEACE	ENGLAND	MEEK
OFFER-PEACE	CHINA	AWE
OFFER-PEACE	CHINA	DISDAIN
OFFER-PEACE	CHINA	HATE
OFFER-PEACE	CHINA	KIND
OFFER-PEACE	CHINA	MEEK
OFFER-PEACE	INDONESIA	AWE
OFFER-PEACE	INDONESIA	DISDAIN
OFFER-PEACE	INDONESIA	HATE
OFFER-PEACE	INDONESIA	KIND
OFFER-PEACE	INDONESIA	MEEK
OFFER-PEACE	RUSSIA	AWE
OFFER-PEACE	RUSSIA	DISDAIN
OFFER-PEACE	RUSSIA	HATE
OFFER-PEACE	RUSSIA	KIND
OFFER-PEACE	RUSSIA	MEEK
OFFER-PEACE	AFRICA	NEUTRAL
OFFER-PEACE	ARABIA	NEUTRAL
OFFER-PEACE	AMERICA	NEUTRAL
OFFER-PEACE	BRAZIL	NEUTRAL
OFFER-PEACE	KOREA	NEUTRAL
OFFER-PEACE	FRANCE	NEUTRAL
OFFER-PEACE	INDIA	NEUTRAL
OFFER-PEACE	GERMANY	NEUTRAL
OFFER-PEACE	ENGLAND	NEUTRAL
OFFER-PEACE	CHINA	NEUTRAL
OFFER-PEACE	INDONESIA	NEUTRAL
OFFER-PEACE	RUSSIA	NEUTRAL
PEACE	HAPPY-YOU-ACCEPTED	AFRICA	AWE
PEACE	HAPPY-YOU-ACCEPTED	AFRICA	DISDAIN
PEACE	HAPPY-YOU-ACCEPTED	AFRICA	HATE
PEACE	HAPPY-YOU-ACCEPTED	AFRICA	KIND
PEACE	HAPPY-YOU-ACCEPTED	AFRICA	MEEK
PEACE	HAPPY-YOU-ACCEPTED	ARABIA	AWE
PEACE	HAPPY-YOU-ACCEPTED	ARABIA	DISDAIN
PEACE	HAPPY-YOU-ACCEPTED	ARABIA	HATE
PEACE	HAPPY-YOU-ACCEPTED	ARABIA	KIND
PEACE	HAPPY-YOU-ACCEPTED	ARABIA	MEEK
PEACE	HAPPY-YOU-ACCEPTED	AMERICA	AWE
PEACE	HAPPY-YOU-ACCEPTED	AMERICA	DISDAIN
PEACE	HAPPY-YOU-ACCEPTED	AMERICA	HATE
PEACE	HAPPY-YOU-ACCEPTED	AMERICA	KIND
PEACE	HAPPY-YOU-ACCEPTED	AMERICA	MEEK
PEACE	HAPPY-YOU-ACCEPTED	BRAZIL	AWE
PEACE	HAPPY-YOU-ACCEPTED	BRAZIL	DISDAIN
PEACE	HAPPY-YOU-ACCEPTED	BRAZIL	HATE
PEACE	HAPPY-YOU-ACCEPTED	BRAZIL	KIND
PEACE	HAPPY-YOU-ACCEPTED	BRAZIL	MEEK
PEACE	HAPPY-YOU-ACCEPTED	KOREA	AWE
PEACE	HAPPY-YOU-ACCEPTED	KOREA	DISDAIN
PEACE	HAPPY-YOU-ACCEPTED	KOREA	HATE
PEACE	HAPPY-YOU-ACCEPTED	KOREA	KIND
PEACE	HAPPY-YOU-ACCEPTED	KOREA	MEEK
PEACE	HAPPY-YOU-ACCEPTED	FRANCE	AWE
PEACE	HAPPY-YOU-ACCEPTED	FRANCE	DISDAIN
PEACE	HAPPY-YOU-ACCEPTED	FRANCE	HATE
PEACE	HAPPY-YOU-ACCEPTED	FRANCE	KIND
PEACE	HAPPY-YOU-ACCEPTED	FRANCE	MEEK
PEACE	HAPPY-YOU-ACCEPTED	INDIA	AWE
PEACE	HAPPY-YOU-ACCEPTED	INDIA	DISDAIN
PEACE	HAPPY-YOU-ACCEPTED	INDIA	HATE
PEACE	HAPPY-YOU-ACCEPTED	INDIA	KIND
PEACE	HAPPY-YOU-ACCEPTED	INDIA	MEEK
PEACE	HAPPY-YOU-ACCEPTED	GERMANY	AWE
PEACE	HAPPY-YOU-ACCEPTED	GERMANY	DISDAIN
PEACE	HAPPY-YOU-ACCEPTED	GERMANY	HATE
PEACE	HAPPY-YOU-ACCEPTED	GERMANY	KIND
PEACE	HAPPY-YOU-ACCEPTED	GERMANY	MEEK
PEACE	HAPPY-YOU-ACCEPTED	ENGLAND	AWE
PEACE	HAPPY-YOU-ACCEPTED	ENGLAND	DISDAIN
PEACE	HAPPY-YOU-ACCEPTED	ENGLAND	HATE
PEACE	HAPPY-YOU-ACCEPTED	ENGLAND	KIND
PEACE	HAPPY-YOU-ACCEPTED	ENGLAND	MEEK
PEACE	HAPPY-YOU-ACCEPTED	CHINA	AWE
PEACE	HAPPY-YOU-ACCEPTED	CHINA	DISDAIN
PEACE	HAPPY-YOU-ACCEPTED	CHINA	HATE
PEACE	HAPPY-YOU-ACCEPTED	CHINA	KIND
PEACE	HAPPY-YOU-ACCEPTED	CHINA	MEEK
PEACE	HAPPY-YOU-ACCEPTED	INDONESIA	AWE
PEACE	HAPPY-YOU-ACCEPTED	INDONESIA	DISDAIN
PEACE	HAPPY-YOU-ACCEPTED	INDONESIA	HATE
PEACE	HAPPY-YOU-ACCEPTED	INDONESIA	KIND
PEACE	HAPPY-YOU-ACCEPTED	INDONESIA	MEEK
PEACE	HAPPY-YOU-ACCEPTED	RUSSIA	AWE
PEACE	HAPPY-YOU-ACCEPTED	RUSSIA	DISDAIN
PEACE	HAPPY-YOU-ACCEPTED	RUSSIA	HATE
PEACE	HAPPY-YOU-ACCEPTED	RUSSIA	KIND
PEACE	HAPPY-YOU-ACCEPTED	RUSSIA	MEEK
PEACE	HAPPY-YOU-ACCEPTED	AFRICA	NEUTRAL
PEACE	HAPPY-YOU-ACCEPTED	ARABIA	NEUTRAL
PEACE	HAPPY-YOU-ACCEPTED	AMERICA	NEUTRAL
PEACE	HAPPY-YOU-ACCEPTED	BRAZIL	NEUTRAL
PEACE	HAPPY-YOU-ACCEPTED	KOREA	NEUTRAL
PEACE	HAPPY-YOU-ACCEPTED	FRANCE	NEUTRAL
PEACE	HAPPY-YOU-ACCEPTED	INDIA	NEUTRAL
PEACE	HAPPY-YOU-ACCEPTED	GERMANY	NEUTRAL
PEACE	HAPPY-YOU-ACCEPTED	ENGLAND	NEUTRAL
PEACE	HAPPY-YOU-ACCEPTED	CHINA	NEUTRAL
PEACE	HAPPY-YOU-ACCEPTED	INDONESIA	NEUTRAL
PEACE	HAPPY-YOU-ACCEPTED	RUSSIA	NEUTRAL
PEACE	SAD-YOU-REJECTED	AFRICA	AWE
PEACE	SAD-YOU-REJECTED	AFRICA	DISDAIN
PEACE	SAD-YOU-REJECTED	AFRICA	HATE
PEACE	SAD-YOU-REJECTED	AFRICA	KIND
PEACE	SAD-YOU-REJECTED	AFRICA	MEEK
PEACE	SAD-YOU-REJECTED	ARABIA	AWE
PEACE	SAD-YOU-REJECTED	ARABIA	DISDAIN
PEACE	SAD-YOU-REJECTED	ARABIA	HATE
PEACE	SAD-YOU-REJECTED	ARABIA	KIND
PEACE	SAD-YOU-REJECTED	ARABIA	MEEK
PEACE	SAD-YOU-REJECTED	AMERICA	AWE
PEACE	SAD-YOU-REJECTED	AMERICA	DISDAIN
PEACE	SAD-YOU-REJECTED	AMERICA	HATE
PEACE	SAD-YOU-REJECTED	AMERICA	KIND
PEACE	SAD-YOU-REJECTED	AMERICA	MEEK
PEACE	SAD-YOU-REJECTED	BRAZIL	AWE
PEACE	SAD-YOU-REJECTED	BRAZIL	DISDAIN
PEACE	SAD-YOU-REJECTED	BRAZIL	HATE
PEACE	SAD-YOU-REJECTED	BRAZIL	KIND
PEACE	SAD-YOU-REJECTED	BRAZIL	MEEK
PEACE	SAD-YOU-REJECTED	KOREA	AWE
PEACE	SAD-YOU-REJECTED	KOREA	DISDAIN
PEACE	SAD-YOU-REJECTED	KOREA	HATE
PEACE	SAD-YOU-REJECTED	KOREA	KIND
PEACE	SAD-YOU-REJECTED	KOREA	MEEK
PEACE	SAD-YOU-REJECTED	FRANCE	AWE
PEACE	SAD-YOU-REJECTED	FRANCE	DISDAIN
PEACE	SAD-YOU-REJECTED	FRANCE	HATE
PEACE	SAD-YOU-REJECTED	FRANCE	KIND
PEACE	SAD-YOU-REJECTED	FRANCE	MEEK
PEACE	SAD-YOU-REJECTED	INDIA	AWE
PEACE	SAD-YOU-REJECTED	INDIA	DISDAIN
PEACE	SAD-YOU-REJECTED	INDIA	HATE
PEACE	SAD-YOU-REJECTED	INDIA	KIND
PEACE	SAD-YOU-REJECTED	INDIA	MEEK
PEACE	SAD-YOU-REJECTED	GERMANY	AWE
PEACE	SAD-YOU-REJECTED	GERMANY	DISDAIN
PEACE	SAD-YOU-REJECTED	GERMANY	HATE
PEACE	SAD-YOU-REJECTED	GERMANY	KIND
PEACE	SAD-YOU-REJECTED	GERMANY	MEEK
PEACE	SAD-YOU-REJECTED	ENGLAND	AWE
PEACE	SAD-YOU-REJECTED	ENGLAND	DISDAIN
PEACE	SAD-YOU-REJECTED	ENGLAND	HATE
PEACE	SAD-YOU-REJECTED	ENGLAND	KIND
PEACE	SAD-YOU-REJECTED	ENGLAND	MEEK
PEACE	SAD-YOU-REJECTED	CHINA	AWE
PEACE	SAD-YOU-REJECTED	CHINA	DISDAIN
PEACE	SAD-YOU-REJECTED	CHINA	HATE
PEACE	SAD-YOU-REJECTED	CHINA	KIND
PEACE	SAD-YOU-REJECTED	CHINA	MEEK
PEACE	SAD-YOU-REJECTED	INDONESIA	AWE
PEACE	SAD-YOU-REJECTED	INDONESIA	DISDAIN
PEACE	SAD-YOU-REJECTED	INDONESIA	HATE
PEACE	SAD-YOU-REJECTED	INDONESIA	KIND
PEACE	SAD-YOU-REJECTED	INDONESIA	MEEK
PEACE	SAD-YOU-REJECTED	RUSSIA	AWE
PEACE	SAD-YOU-REJECTED	RUSSIA	DISDAIN
PEACE	SAD-YOU-REJECTED	RUSSIA	HATE
PEACE	SAD-YOU-REJECTED	RUSSIA	KIND
PEACE	SAD-YOU-REJECTED	RUSSIA	MEEK
PEACE	SAD-YOU-REJECTED	AFRICA	NEUTRAL
PEACE	SAD-YOU-REJECTED	ARABIA	NEUTRAL
PEACE	SAD-YOU-REJECTED	AMERICA	NEUTRAL
PEACE	SAD-YOU-REJECTED	BRAZIL	NEUTRAL
PEACE	SAD-YOU-REJECTED	KOREA	NEUTRAL
PEACE	SAD-YOU-REJECTED	FRANCE	NEUTRAL
PEACE	SAD-YOU-REJECTED	INDIA	NEUTRAL
PEACE	SAD-YOU-REJECTED	GERMANY	NEUTRAL
PEACE	SAD-YOU-REJECTED	ENGLAND	NEUTRAL
PEACE	SAD-YOU-REJECTED	CHINA	NEUTRAL
PEACE	SAD-YOU-REJECTED	INDONESIA	NEUTRAL
PEACE	SAD-YOU-REJECTED	RUSSIA	NEUTRAL
REJECTED-PEACE	AFRICA	AWE
REJECTED-PEACE	AFRICA	DISDAIN
REJECTED-PEACE	AFRICA	HATE
REJECTED-PEACE	AFRICA	KIND
REJECTED-PEACE	AFRICA	MEEK
REJECTED-PEACE	ARABIA	AWE
REJECTED-PEACE	ARABIA	DISDAIN
REJECTED-PEACE	ARABIA	HATE
REJECTED-PEACE	ARABIA	KIND
REJECTED-PEACE	ARABIA	MEEK
REJECTED-PEACE	AMERICA	AWE
REJECTED-PEACE	AMERICA	DISDAIN
REJECTED-PEACE	AMERICA	HATE
REJECTED-PEACE	AMERICA	KIND
REJECTED-PEACE	AMERICA	MEEK
REJECTED-PEACE	BRAZIL	AWE
REJECTED-PEACE	BRAZIL	DISDAIN
REJECTED-PEACE	BRAZIL	HATE
REJECTED-PEACE	BRAZIL	KIND
REJECTED-PEACE	BRAZIL	MEEK
REJECTED-PEACE	KOREA	AWE
REJECTED-PEACE	KOREA	DISDAIN
REJECTED-PEACE	KOREA	HATE
REJECTED-PEACE	KOREA	KIND
REJECTED-PEACE	KOREA	MEEK
REJECTED-PEACE	FRANCE	AWE
REJECTED-PEACE	FRANCE	DISDAIN
REJECTED-PEACE	FRANCE	HATE
REJECTED-PEACE	FRANCE	KIND
REJECTED-PEACE	FRANCE	MEEK
REJECTED-PEACE	INDIA	AWE
REJECTED-PEACE	INDIA	DISDAIN
REJECTED-PEACE	INDIA	HATE
REJECTED-PEACE	INDIA	KIND
REJECTED-PEACE	INDIA	MEEK
REJECTED-PEACE	GERMANY	AWE
REJECTED-PEACE	GERMANY	DISDAIN
REJECTED-PEACE	GERMANY	HATE
REJECTED-PEACE	GERMANY	KIND
REJECTED-PEACE	GERMANY	MEEK
REJECTED-PEACE	ENGLAND	AWE
REJECTED-PEACE	ENGLAND	DISDAIN
REJECTED-PEACE	ENGLAND	HATE
REJECTED-PEACE	ENGLAND	KIND
REJECTED-PEACE	ENGLAND	MEEK
REJECTED-PEACE	CHINA	AWE
REJECTED-PEACE	CHINA	DISDAIN
REJECTED-PEACE	CHINA	HATE
REJECTED-PEACE	CHINA	KIND
REJECTED-PEACE	CHINA	MEEK
REJECTED-PEACE	INDONESIA	AWE
REJECTED-PEACE	INDONESIA	DISDAIN
REJECTED-PEACE	INDONESIA	HATE
REJECTED-PEACE	INDONESIA	KIND
REJECTED-PEACE	INDONESIA	MEEK
REJECTED-PEACE	RUSSIA	AWE
REJECTED-PEACE	RUSSIA	DISDAIN
REJECTED-PEACE	RUSSIA	HATE
REJECTED-PEACE	RUSSIA	KIND
REJECTED-PEACE	RUSSIA	MEEK
REJECTED-PEACE	AFRICA	NEUTRAL
REJECTED-PEACE	ARABIA	NEUTRAL
REJECTED-PEACE	AMERICA	NEUTRAL
REJECTED-PEACE	BRAZIL	NEUTRAL
REJECTED-PEACE	KOREA	NEUTRAL
REJECTED-PEACE	FRANCE	NEUTRAL
REJECTED-PEACE	INDIA	NEUTRAL
REJECTED-PEACE	GERMANY	NEUTRAL
REJECTED-PEACE	ENGLAND	NEUTRAL
REJECTED-PEACE	CHINA	NEUTRAL
REJECTED-PEACE	INDONESIA	NEUTRAL
REJECTED-PEACE	RUSSIA	NEUTRAL
WAR-GREETING	AFRICA	AWE
WAR-GREETING	AFRICA	DISDAIN
WAR-GREETING	AFRICA	HATE
WAR-GREETING	AFRICA	KIND
WAR-GREETING	AFRICA	MEEK
WAR-GREETING	ARABIA	AWE
WAR-GREETING	ARABIA	DISDAIN
WAR-GREETING	ARABIA	HATE
WAR-GREETING	ARABIA	KIND
WAR-GREETING	ARABIA	MEEK
WAR-GREETING	AMERICA	AWE
WAR-GREETING	AMERICA	DISDAIN
WAR-GREETING	AMERICA	HATE
WAR-GREETING	AMERICA	KIND
WAR-GREETING	AMERICA	MEEK
WAR-GREETING	BRAZIL	AWE
WAR-GREETING	BRAZIL	DISDAIN
WAR-GREETING	BRAZIL	HATE
WAR-GREETING	BRAZIL	KIND
WAR-GREETING	BRAZIL	MEEK
WAR-GREETING	KOREA	AWE
WAR-GREETING	KOREA	DISDAIN
WAR-GREETING	KOREA	HATE
WAR-GREETING	KOREA	KIND
WAR-GREETING	KOREA	MEEK
WAR-GREETING	FRANCE	AWE
WAR-GREETING	FRANCE	DISDAIN
WAR-GREETING	FRANCE	HATE
WAR-GREETING	FRANCE	KIND
WAR-GREETING	FRANCE	MEEK
WAR-GREETING	INDIA	AWE
WAR-GREETING	INDIA	DISDAIN
WAR-GREETING	INDIA	HATE
WAR-GREETING	INDIA	KIND
WAR-GREETING	INDIA	MEEK
WAR-GREETING	GERMANY	AWE
WAR-GREETING	GERMANY	DISDAIN
WAR-GREETING	GERMANY	HATE
WAR-GREETING	GERMANY	KIND
WAR-GREETING	GERMANY	MEEK
WAR-GREETING	ENGLAND	AWE
WAR-GREETING	ENGLAND	DISDAIN
WAR-GREETING	ENGLAND	HATE
WAR-GREETING	ENGLAND	KIND
WAR-GREETING	ENGLAND	MEEK
WAR-GREETING	CHINA	AWE
WAR-GREETING	CHINA	DISDAIN
WAR-GREETING	CHINA	HATE
WAR-GREETING	CHINA	KIND
WAR-GREETING	CHINA	MEEK
WAR-GREETING	INDONESIA	AWE
WAR-GREETING	INDONESIA	DISDAIN
WAR-GREETING	INDONESIA	HATE
WAR-GREETING	INDONESIA	KIND
WAR-GREETING	INDONESIA	MEEK
WAR-GREETING	RUSSIA	AWE
WAR-GREETING	RUSSIA	DISDAIN
WAR-GREETING	RUSSIA	HATE
WAR-GREETING	RUSSIA	KIND
WAR-GREETING	RUSSIA	MEEK
WAR-GREETING	AFRICA	NEUTRAL
WAR-GREETING	ARABIA	NEUTRAL
WAR-GREETING	AMERICA	NEUTRAL
WAR-GREETING	BRAZIL	NEUTRAL
WAR-GREETING	KOREA	NEUTRAL
WAR-GREETING	FRANCE	NEUTRAL
WAR-GREETING	INDIA	NEUTRAL
WAR-GREETING	GERMANY	NEUTRAL
WAR-GREETING	ENGLAND	NEUTRAL
WAR-GREETING	CHINA	NEUTRAL
WAR-GREETING	INDONESIA	NEUTRAL
WAR-GREETING	RUSSIA	NEUTRAL
WAR	ARE-YOU-SURE	DEFAULT
CONFRONT	DECLARE-WAR	ARABIA
CONFRONT	DECLARE-WAR	AMERICA
CONFRONT	DECLARE-WAR	AFRICA
CONFRONT	DECLARE-WAR	BRAZIL
CONFRONT	DECLARE-WAR	KOREA
CONFRONT	DECLARE-WAR	FRANCE
CONFRONT	DECLARE-WAR	INDONESIA
CONFRONT	DECLARE-WAR	RUSSIA
CONFRONT	DECLARE-WAR	GERMANY
CONFRONT	DECLARE-WAR	CHINA
CONFRONT	DECLARE-WAR	INDIA
CONFRONT	DECLARE-WAR	ENGLAND